,iter,method,train_test,auc,depth
0,0,Neumann_res,train,0.5016885311658216,9
1,0,Neumann_res,test,0.477891156462585,9
2,0,Neumann,train,0.5262889423338362,9
3,0,Neumann,test,0.6040816326530613,9
