MCAR,MAR,MNAR
0.24546638282972644,0.16031494907796245,0.24083240382328774
