,iter,method,train_test,auc,depth
0,0,Neumann_res,train,0.5875663655356377,9
1,0,Neumann_res,test,0.582312925170068,9
2,0,Neumann,train,0.5030291586335219,9
3,0,Neumann,test,0.5034013605442177,9
