,iter,method,train_test,log_loss,depth
0,0,Neumann_res,train,29.262786865234375,9
1,0,Neumann_res,test,25.012496948242188,9
2,0,Neumann,train,26.322153091430664,9
3,0,Neumann,test,26.495433807373047,9
