,iter,method,train_test,log_loss,depth
0,0,Neumann_res,train,0.46709082338246466,9
1,0,Neumann_res,test,0.4129251700680272,9
2,0,Neumann,train,0.4335565655160435,9
3,0,Neumann,test,0.3734693877551021,9
